arrest_year,offense,arrests,arrests_per_year,pct_of_year
2006,DANGEROUS DRUGS,28351,83895,33.8
2007,DANGEROUS DRUGS,33668,95717,35.2
2008,DANGEROUS DRUGS,33576,96048,35.0
2009,DANGEROUS DRUGS,32612,99855,32.7
2010,DANGEROUS DRUGS,30938,100535,30.8
2011,DANGEROUS DRUGS,29361,96877,30.3
2012,DANGEROUS DRUGS,25720,89963,28.6
2013,DANGEROUS DRUGS,21222,85859,24.7
2014,DANGEROUS DRUGS,20084,85679,23.4
2015,DANGEROUS DRUGS,15588,75460,20.7
2016,DANGEROUS DRUGS,13751,69212,19.9
2017,DANGEROUS DRUGS,12067,62821,19.2
2018,DANGEROUS DRUGS,8788,55446,15.8
2019,DANGEROUS DRUGS,6458,48815,13.2
2020,DANGEROUS DRUGS,3277,32724,10.0
2021,DANGEROUS DRUGS,2546,34018,7.5
2022,DANGEROUS DRUGS,2463,44084,5.6
2023,DANGEROUS DRUGS,3040,53258,5.7
2024,DANGEROUS DRUGS,3923,58521,6.7
2025,DANGEROUS DRUGS,5172,62833,8.2
2026,DANGEROUS DRUGS,2674,32682,8.2
