arrest_year,severity,arrests,arrests_per_year,pct_of_year
2006,Felony,22479,83895,26.8
2007,Felony,25402,95717,26.5
2008,Felony,24408,96048,25.4
2009,Felony,23900,99855,23.9
2010,Felony,22845,100535,22.7
2011,Felony,21684,96877,22.4
2012,Felony,20403,89963,22.7
2013,Felony,20346,85859,23.7
2014,Felony,20787,85679,24.3
2015,Felony,19526,75460,25.9
2016,Felony,20452,69212,29.5
2017,Felony,19113,62821,30.4
2018,Felony,17269,55446,31.1
2019,Felony,17579,48815,36.0
2020,Felony,13773,32724,42.1
2021,Felony,14907,34018,43.8
2022,Felony,18294,44084,41.5
2023,Felony,21805,53258,40.9
2024,Felony,24128,58521,41.2
2025,Felony,25077,62833,39.9
2026,Felony,12943,32682,39.6
