arrest_year,ARREST_PRECINCT,arrests,precinct_rank
2006,46,12296,1
2006,44,11858,2
2006,40,10964,3
2006,43,10690,4
2006,52,7739,5
2007,44,13668,1
2007,46,13123,2
2007,43,12077,3
2007,40,11167,4
2007,52,9534,5
2008,44,13810,1
2008,46,13651,2
2008,43,11117,3
2008,40,11071,4
2008,52,9067,5
2009,44,14271,1
2009,46,13078,2
2009,40,11989,3
2009,43,11266,4
2009,52,9413,5
2010,44,15859,1
2010,40,11543,2
2010,43,11409,3
2010,52,11407,4
2010,46,10593,5
2011,44,15078,1
2011,43,12381,2
2011,40,10753,3
2011,52,10690,4
2011,46,9686,5
2012,44,13322,1
2012,40,11319,2
2012,43,10433,3
2012,52,9747,4
2012,46,8811,5
2013,44,12494,1
2013,40,11296,2
2013,52,9357,3
2013,43,8127,4
2013,46,7853,5
2014,40,12718,1
2014,44,10824,2
2014,52,9380,3
2014,43,8198,4
2014,46,8090,5
2015,40,12116,1
2015,44,10450,2
2015,52,7324,3
2015,43,6540,4
2015,41,6531,5
2016,40,10358,1
2016,44,8765,2
2016,52,6377,3
2016,41,6133,4
2016,43,6107,5
2017,40,8357,1
2017,44,7371,2
2017,52,6898,3
2017,43,6005,4
2017,47,5570,5
2018,44,7123,1
2018,40,6730,2
2018,52,5915,3
2018,46,5743,4
2018,47,5182,5
2019,40,7098,1
2019,44,6465,2
2019,52,5131,3
2019,46,4724,4
2019,47,4566,5
2020,40,4379,1
2020,44,3808,2
2020,46,3371,3
2020,52,3196,4
2020,43,3164,5
2021,44,4387,1
2021,40,4070,2
2021,47,3489,3
2021,43,3412,4
2021,52,3275,5
2022,44,5752,1
2022,40,5751,2
2022,52,4847,3
2022,43,4579,4
2022,46,4439,5
2023,44,7213,1
2023,40,7203,2
2023,46,5538,3
2023,52,5365,4
2023,43,5234,5
2024,40,8389,1
2024,44,7690,2
2024,46,6605,3
2024,52,5460,4
2024,43,5079,5
2025,40,9244,1
2025,44,7863,2
2025,46,7230,3
2025,47,5942,4
2025,52,5790,5
2026,40,4061,1
2026,46,3951,2
2026,44,3882,3
2026,52,3409,4
2026,47,3084,5
