arrest_year,borough,arrests,arrests_per_100k
2006,Manhattan,102356,6041.4
2006,Bronx,83895,5696.9
2006,Brooklyn,103033,3765.7
2006,Queens,70244,2920.2
2006,Staten Island,12406,2502.5
2007,Manhattan,110503,6522.2
2007,Bronx,95717,6499.6
2007,Brooklyn,111392,4071.2
2007,Queens,73208,3043.4
2007,Staten Island,12411,2503.5
2008,Bronx,96048,6522.1
2008,Manhattan,109236,6447.5
2008,Brooklyn,109101,3987.5
2008,Staten Island,15004,3026.5
2008,Queens,72136,2998.8
2009,Bronx,99855,6780.6
2009,Manhattan,114527,6759.7
2009,Brooklyn,116873,4271.6
2009,Queens,76085,3163.0
2009,Staten Island,13973,2818.6
2010,Bronx,100535,6826.8
2010,Manhattan,113185,6680.5
2010,Brooklyn,117900,4309.1
2010,Queens,76441,3177.8
2010,Staten Island,14261,2876.7
2011,Bronx,96877,6578.4
2011,Manhattan,110990,6551.0
2011,Brooklyn,117764,4304.1
2011,Queens,73203,3043.2
2011,Staten Island,14025,2829.1
2012,Manhattan,108954,6430.8
2012,Bronx,89963,6108.9
2012,Brooklyn,113321,4141.7
2012,Queens,71022,2952.5
2012,Staten Island,13019,2626.1
2013,Manhattan,109742,6477.3
2013,Bronx,85859,5830.2
2013,Brooklyn,109568,4004.6
2013,Queens,75919,3156.1
2013,Staten Island,12721,2566.0
2014,Manhattan,106188,6267.5
2014,Bronx,85679,5818.0
2014,Brooklyn,106677,3898.9
2014,Queens,75906,3155.6
2014,Staten Island,13277,2678.2
2015,Manhattan,93961,5545.9
2015,Bronx,75460,5124.1
2015,Brooklyn,93191,3406.0
2015,Queens,65740,2732.9
2015,Staten Island,11118,2242.7
2016,Manhattan,85357,5038.0
2016,Bronx,69212,4699.8
2016,Brooklyn,87607,3201.9
2016,Queens,60344,2508.6
2016,Staten Island,12344,2490.0
2017,Manhattan,76205,4497.9
2017,Bronx,62821,4265.8
2017,Brooklyn,80082,2926.9
2017,Queens,55739,2317.2
2017,Staten Island,11378,2295.1
2018,Bronx,55446,3765.0
2018,Manhattan,62582,3693.8
2018,Brooklyn,68405,2500.1
2018,Staten Island,10424,2102.7
2018,Queens,49916,2075.1
2019,Bronx,48815,3314.8
2019,Manhattan,53915,3182.2
2019,Brooklyn,58288,2130.4
2019,Queens,44567,1852.7
2019,Staten Island,9032,1821.9
2020,Bronx,32724,2222.1
2020,Manhattan,33255,1962.8
2020,Brooklyn,38258,1398.3
2020,Staten Island,6195,1249.6
2020,Queens,29981,1246.4
2021,Manhattan,39677,2341.9
2021,Bronx,34018,2310.0
2021,Brooklyn,41550,1518.6
2021,Staten Island,7211,1454.6
2021,Queens,33051,1374.0
2022,Bronx,44084,2993.5
2022,Manhattan,46807,2762.7
2022,Brooklyn,50961,1862.6
2022,Staten Island,8375,1689.4
2022,Queens,39547,1644.0
2023,Bronx,53258,3616.5
2023,Manhattan,52891,3121.8
2023,Brooklyn,62395,2280.5
2023,Staten Island,10018,2020.8
2023,Queens,48310,2008.3
2024,Bronx,58521,3973.8
2024,Manhattan,61969,3657.6
2024,Brooklyn,72325,2643.4
2024,Queens,56633,2354.3
2024,Staten Island,11055,2230.0
2025,Bronx,62833,4266.7
2025,Manhattan,66448,3922.0
2025,Brooklyn,79882,2919.6
2025,Queens,58083,2414.6
2025,Staten Island,11707,2361.5
2026,Bronx,32682,2219.3
2026,Manhattan,32089,1894.0
2026,Brooklyn,42877,1567.1
2026,Queens,29053,1207.8
2026,Staten Island,5169,1042.7
