arrest_year,severity,arrests,pct_change_vs_prior_year
2006,Felony,22479,
2007,Felony,25402,13.0
2008,Felony,24408,-3.9
2009,Felony,23900,-2.1
2010,Felony,22845,-4.4
2011,Felony,21684,-5.1
2012,Felony,20403,-5.9
2013,Felony,20346,-0.3
2014,Felony,20787,2.2
2015,Felony,19526,-6.1
2016,Felony,20452,4.7
2017,Felony,19113,-6.5
2018,Felony,17269,-9.6
2019,Felony,17579,1.8
2020,Felony,13773,-21.7
2021,Felony,14907,8.2
2022,Felony,18294,22.7
2023,Felony,21805,19.2
2024,Felony,24128,10.7
2025,Felony,25077,3.9
2026,Felony,12943,-48.4
2006,Misdemeanor,60254,
2007,Misdemeanor,68710,14.0
2008,Misdemeanor,69199,0.7
2009,Misdemeanor,73690,6.5
2010,Misdemeanor,75393,2.3
2011,Misdemeanor,72641,-3.7
2012,Misdemeanor,66823,-8.0
2013,Misdemeanor,63363,-5.2
2014,Misdemeanor,61903,-2.3
2015,Misdemeanor,52880,-14.6
2016,Misdemeanor,47859,-9.5
2017,Misdemeanor,43255,-9.6
2018,Misdemeanor,37562,-13.2
2019,Misdemeanor,30709,-18.2
2020,Misdemeanor,18538,-39.6
2021,Misdemeanor,18685,0.8
2022,Misdemeanor,25304,35.4
2023,Misdemeanor,30878,22.0
2024,Misdemeanor,33721,9.2
2025,Misdemeanor,37000,9.7
2026,Misdemeanor,19268,-47.9
2006,Other/Unknown,350,
2007,Other/Unknown,541,54.6
2008,Other/Unknown,402,-25.7
2009,Other/Unknown,387,-3.7
2010,Other/Unknown,283,-26.9
2011,Other/Unknown,384,35.7
2012,Other/Unknown,396,3.1
2013,Other/Unknown,340,-14.1
2014,Other/Unknown,231,-32.1
2015,Other/Unknown,371,60.6
2016,Other/Unknown,323,-12.9
2017,Other/Unknown,346,7.1
2018,Other/Unknown,427,23.4
2019,Other/Unknown,304,-28.8
2020,Other/Unknown,365,20.1
2021,Other/Unknown,386,5.8
2022,Other/Unknown,402,4.1
2023,Other/Unknown,388,-3.5
2024,Other/Unknown,366,-5.7
2025,Other/Unknown,476,30.1
2026,Other/Unknown,281,-41.0
2006,Violation,812,
2007,Violation,1064,31.0
2008,Violation,2039,91.6
2009,Violation,1878,-7.9
2010,Violation,2014,7.2
2011,Violation,2168,7.6
2012,Violation,2341,8.0
2013,Violation,1810,-22.7
2014,Violation,2758,52.4
2015,Violation,2683,-2.7
2016,Violation,578,-78.5
2017,Violation,107,-81.5
2018,Violation,188,75.7
2019,Violation,223,18.6
2020,Violation,48,-78.5
2021,Violation,40,-16.7
2022,Violation,84,110.0
2023,Violation,187,122.6
2024,Violation,306,63.6
2025,Violation,280,-8.5
2026,Violation,190,-32.1
